"ID","Wԍ","̎ʔԍ","ŏIt","ؗ\","tY","ɐBXe[^X","ɐBfR","","̌̎ʔԍ"
"2174435","3653","1628336533","2022-10-30","2023-08-06","[z]_629HO18987_W","DPӒ+","DPӒiĔDӁj","",""
"2174653","3414","1404734140","2022-11-01","2023-07-31","[a]VPxÏƏdxK","DPӒ+","DPӒiĔDӁj","",""
"2174575","3475","1404734751","2022-11-02","2023-08-01","[a]֕xkgxΏ","DPӒ+","DPӒiĔDӁj","܂",""
"2174647","3343","1584433437","2022-11-06","2023-08-05","[a]vvxÕSx","DPӒ+","DPӒiĔDӁj","Ђ",""
"2174587","3087","1535730875","2022-11-11","2023-08-10","[a]vvxÕSx","DPӒ+","DPӒiDPς݁j","Ђ",""
"2174688","3629","1628336298","2022-11-11","2023-08-18","[z]_629HO18225_o[[","DPӒ+","DPӒiĔDӁj","",""
"2174438","3667","1628336670","2022-11-11","2023-08-18","[z]_629HO18225_o[[","DPӒ+","DPӒiDPς݁j","",""
"2174604","3735","1391737353","2022-11-14","2023-08-13","[F1]m[XxbcIVF","DPӒ+","DPӒiĔDӁj","",""
"2174431","3608","1628336083","2022-11-18","2023-08-25","[z]_629HO18711_ggD[K","DPӒ+","DPӒiĔDӁj","",""
"2174526","3138","1535731384","2022-11-20","2023-08-19","[a]_E031xkgxΏ","DPӒ+","DPӒiĔDӁj","܂",""
"2174656","3141","1535731414","2022-11-24","2023-08-23","[a]_I","DPӒ+","DPӒiĔDӁj","߂",""
"2174602","3715","1391737155","2022-11-24","2023-08-23","[F1]m[XxbcIVF","DPӒ+","DPӒiĔDӁj","",""
"2174497","2784","1367627848","2022-11-25","2023-08-24","[a]_E031xkgxΏ","DPӒ+","DPӒiĔDӁj","܂",""
"2174692","3297","1584432973","2022-11-25","2023-08-24","[a]_E031xkgxΏ","DPӒ+","DPӒiĔDӁj","܂",""
"2174566","3491","1404734911","2022-11-25","2023-08-24","[a]_","DPӒ+","DPӒiĔDӁj","䂤",""
"2174461","3795","1391737957","2022-11-29","2023-09-05","[z]_629HO18987_W","DPӒ+","DPӒiĔDӁj","",""
"2174630","3433","1404734331","2022-11-30","2023-08-29","[a]_mx","DPӒ+","DPӒiĔDӁj","ӂ",""
"2174678","2910","1427729109","2022-12-02","2023-08-31","[a]_mx","DPӒ+","DPӒiĔDӁj","ӂ",""
"2174465","3814","1391738145","2022-12-03","2023-09-09","[z]_551HO04267_oNXg","DPӒ+","DPӒiĔDӁj","",""
"2174499","3492","1404734928","2022-12-06","2023-09-04","[a]Ixԍx","DPӒ+","DPӒiĔDӁj","߂",""
"2174463","3808","1391738084","2022-12-06","2023-09-12","[z]_551H4119_Lve","DPӒ+","DPӒiĔDӁj","",""
"2174501","3409","1404734096","2022-12-10","2023-09-16","[a]_HK312_SK","DPӒ+","DPӒiĔDӁj","",""
"2174515","3482","1404734829","2022-12-10","2023-09-16","[a]_HK312_SK","DPӒ+","DPӒiĔDӁj","",""
"2174584","3495","1404734959","2022-12-12","2023-09-10","[a]Ixԍx","DPӒ+","DPӒiĔDӁj","߂",""
"2174436","3657","1628336571","2022-12-13","2023-09-19","[z]_551HO04267_oNXg","DPӒ+","DPӒiĔDӁj","",""
"2174471","3830","1390338308","2022-12-15","2023-09-21","[z]_629HO18987_W","DPӒ+","DPӒiĔDӁj","",""
"2174586","2696","1367626964","2022-12-17","2023-09-23","[a]_HK312_SK","DPӒ+","DPӒiDPς݁j","",""
"2174573","3621","1628336212","2022-12-17","2023-09-15","[a]Ixԍx","DPӒ+","DPӒiĔDӁj","߂",""
"2197039","3818","1390338186","2022-12-18","2023-09-24","[z]_551H4119_Lve","DPӒ+","DPӒiĔDӁj","",""
"2174569","3279","1556632790","2022-12-21","2023-09-27","[a]_HK312_SK","DPӒ+","DPӒiĔDӁj","",""
"2174512","3242","1556632424","2022-12-22","2023-09-20","[a]Ixԍx","DPӒ+","DPӒiĔDӁj","߂",""
"2174631","3427","1404734270","2022-12-22","2023-09-28","[a]_HK312_SK","DPӒ+","DPӒiĔDӁj","",""
"2174469","3828","1390338285","2022-12-22","2023-09-28","[z]_629HO18987_W","DPӒ+","DPӒiĔDӁj","",""
"2174542","3010","1386930103","2022-12-30","2023-10-06","[a]_HK312_SK","DPӒ+","DPӒiĔDӁj","",""
"2174433","3645","1628336458","2023-01-01","2023-09-30","[a]_mx","DPӒ+","DPӒiĔDӁj","ӂ",""
"2174444","3681","1628336816","2023-01-01","2023-10-08","[z]_629HO18790_fu","DPӒ+","DPӒiĔDӁj","",""
"2174645","3332","1584433321","2023-01-02","2023-10-01","[a]_mx","DPӒ+","DPӒiĔDӁj","",""
"2174687","3519","1403735193","2023-01-03","2023-10-02","[a]_mx","DPӒ+","DPӒiĔDӁj","",""
"2174665","3446","1404734461","2023-01-07","2023-10-06","[F1]ÖΗm","DPӒ+","DPӒiDPς݁j","",""
"2174464","3815","1391738152","2023-01-11","2023-10-18","[z]_551H4257_h~KX","DPӒ+","DPӒiĔDӁj","",""
"2174474","3840","1390338407","2023-01-12","2023-10-19","[z]_629HO18790_fu","DPӒ+","DPӒiĔDӁj","",""
"2174644","2956","1386929565","2023-01-13","2023-10-12","[F1]ÖΗm","DPӒ+","DPӒiĔDӁj","",""
"2174437","3662","1628336625","2023-01-13","2023-10-12","[a]_Ζk~k","DPӒ+","DPӒiDPς݁j","",""
"2174478","3852","1390338520","2023-01-14","2023-10-21","[z]_551H4119_Lve","DPӒ+","DPӒiĔDӁj","",""
"2174565","3042","1386930424","2023-01-15","2023-10-14","[F1]ÖΗm","DPӒ+","DPӒiĔDӁj","",""
"2174549","2945","1386929459","2023-01-16","2023-10-15","[a]_Ζk~k","DPӒ+","DPӒiĔDӁj","",""
"2174616","3496","1404734966","2023-01-16","2023-10-15","[a]_mx","DPӒ+","DPӒiĔDӁj","",""
"2174658","2673","1360926733","2023-01-17","2023-10-16","[a]_mx","DPӒ+","DPӒiĔDӁj","",""
"2174468","3824","1390338247","2023-01-17","2023-10-24","[z]_629HO18790_fu","DPӒ+","DPӒiĔDӁj","",""
"2174552","3534","1403735346","2023-01-20","2023-10-19","[a]_mx","DPӒ+","DPӒiDPς݁j","",""
"2174434","3649","1628336496","2023-01-21","2023-10-20","[a]_mx","DPӒ+","DPӒiDPς݁j","",""
"2174476","3846","1390338469","2023-01-21","2023-10-28","[a]_HK312_SK","DPӒ+","DPӒiĔDӁj","",""
"2174570","3342","1584433420","2023-01-22","2023-10-21","[a]_mx","DPӒ+","DPӒiĔDӁj","",""
"2174649","3622","1628336229","2023-01-24","2023-10-23","[F1]_ÖΗm","DPӒ+","DPӒiĔDӁj","",""
"2174614","2964","1386929640","2023-01-25","2023-10-24","[a]_mx","DPӒ+","DPӒiĔDӁj","",""
"2174472","3835","1390338353","2023-01-26","2023-11-02","[z]_629HO18711_ggD[K","DPӒ+","DPӒiĔDӁj","",""
"2174458","3788","1391737889","2023-01-28","2023-11-04","[z]_629HO18790_fu","DPӒ+","DPӒiĔDӁj","",""
"2174618","3616","1628336168","2023-01-29","2023-11-05","[z]_551H4257_h~KX","DPӒ+","DPӒiĔDӁj","",""
"2174467","3821","1390338216","2023-01-30","2023-11-06","[z]_629HO18711_ggD[K","DPӒ+","DPӒiĔDӁj","",""
"2174672","3426","1404734263","2023-02-07","2023-11-14","[a]_HK312_SK","DPӒ+","DPӒiĔDӁj","",""
"2174609","3576","1403735766","2023-02-07","2023-11-06","[F1]_ÖΗm","DPӒ+","DPӒiĔDӁj","",""
"2174690","3303","1584433031","2023-02-08","2023-11-07","[F1]ÖΗm","DPӒ+","DPӒiĔDӁj","",""
"2174638","3596","1403735964","2023-02-08","2023-11-15","[a]_HK312_SK","DPӒ+","DPӒiĔDӁj","",""
"2174509","3542","1403735421","2023-02-09","2023-11-08","[a]_m~S","DPӒ+","DPӒiĔDӁj","",""
"2174470","3829","1390338292","2023-02-10","2023-11-17","[z]_629HO18711_ggD[K","DPӒ+","DPӒiĔDӁj","",""
"2174441","3671","1628336717","2023-02-11","2023-11-18","[z]_551H4119_Lve","DPӒ+","DPӒiĔDӁj","",""
"2174442","3674","1628336748","2023-02-12","2023-11-19","[z]_551H4119_Lve","DPӒ+","DPӒiĔDӁj","",""
"2174480","3859","1390338599","2023-02-13","2023-11-20","[z]_551H4119_Lve","DPӒ+","DPӒiDPς݁j","",""
"2174691","3307","1584433079","2023-02-17","2023-11-16","[a]_mx","DPӒ+","DPӒiĔDӁj","",""
"2174481","3860","1390338605","2023-02-17","2023-11-24","[z]_629HO18790_fu","DPӒ+","DPӒiĔDӁj","",""
"2174439","3668","1628336687","2023-02-18","2023-11-25","[z]_629HO18225_o[[","DPӒ+","DPӒiĔDӁj","",""
"2174454","3762","1391737629","2023-02-21","2023-11-28","[z]_551H4257_h~KX","DPӒ+","DPӒiĔDӁj","",""
"2174568","3291","1584432911","2023-02-23","2023-11-22","[a]_m~S","DPӒ+","DPӒiĔDӁj","",""
"2174677","3554","1403735544","2023-02-24","2023-11-23","[a]_mx","DPӒ+","DPӒiDPς݁j","",""
"2174635","3241","1556632417","2023-02-25","2023-11-24","[a]_m~S","DPӒ+","DPӒiĔDӁj","",""
"2174482","3862","1390338629","2023-02-28","2023-12-05","[z]_629HO18790_fu","DPӒ+","DPӒiĔDӁj","",""
"2174629","3317","1584433178","2023-03-01","2023-11-28","[F1]ÖΗm","DPӒ+","DPӒiĔDӁj","",""
"2174477","3851","1390338513","2023-03-03","2023-12-08","[z]_629HO18987_W","DPӒ+","DPӒiĔDӁj","",""
"2174475","3841","1390338414","2023-03-11","2023-12-16","[z]_551H4257_h~KX","DPӒ+","DPӒiĔDӁj","",""
"2174544","3091","1535730912","2023-03-13","2023-12-10","[F1]PK730","DPӒ+","DPӒiĔDӁj","",""
"2174483","3870","1390338704","2023-03-13","2023-12-18","[z]_551H4119_Lve","DPӒ+","DPӒiĔDӁj","",""
"2174615","3375","1584433758","2023-03-14","2023-12-11","[a]_mx","DPӒ+","DPӒiĔDӁj","",""
"2174496","3448","1404734485","2023-03-14","2023-12-11","[a]_mx","DPӒ+","DPӒiĔDӁj","",""
"2174550","3528","1403735285","2023-03-14","2023-12-11","[a]_m~S","DPӒ+","DPӒiĔDӁj","",""
"2174540","3545","1403735452","2023-03-18","2023-12-15","[a]_m~S","DPӒ+","DPӒiĔDӁj","",""
"2174473","3836","1390338360","2023-03-20","2023-12-25","[z]_629HO18711_ggD[K","DPӒ+","DPӒiĔDӁj","",""
"2174485","3881","1390338810","2023-03-25","2023-12-30","[z]_551H4119_Lve","DPӒ+","DPӒiĔDӁj","",""
"2174639","3548","1403735483","2023-03-28","2023-12-25","[a]S","DPӒ+","DPӒiĔDӁj","Â",""
"2174659","3309","1584433093","2023-03-29","2023-12-26","[a]S","DPӒ+","DPӒiĔDӁj","Â",""
"2174662","3619","1628336199","2023-03-30","2024-01-04","[z]_551H4119_Lve","DPӒ+","DPӒiĔDӁj","",""
"2174484","3879","1390338797","2023-03-30","2024-01-04","[z]_551H4119_Lve","DPӒ+","DPӒiDPς݁j","",""
"2174495","3167","1535731674","2023-04-01","2023-12-29","[F1]ÖΗm","DPӒ+","DPӒiĔDӁj","",""
"2174588","3158","1535731582","2023-04-03","2023-12-31","[a]_m~S","DPӒ+","DPӒiĔDӁj","",""
"2174674","3281","1556632813","2023-04-03","2023-12-31","[a]_mx","DPӒ+","DPӒiĔDӁj","",""
"2174479","3855","1390338551","2023-04-04","2024-01-09","[z]_551H4119_Lve","DPӒ+","DPӒiĔDӁj","",""
"2174545","3108","1535731087","2023-04-11","2024-01-08","[F1]ÖΗm","DPӒ+","DPӒiĔDӁj","",""
"2174625","2847","1427728478","2023-04-12","2024-01-09","[F1]ÖΗm","DPӒ+","DPӒiĔDӁj","",""
"2174486","3889","1390338896","2023-04-21","2024-01-26","[z]_551H4119_Lve","DPӒ+","DPӒiĔDӁj","",""
"2174567","3541","1403735414","2023-04-23","2024-01-20","[a]_Ix1","DPӒ+","DPӒiĔDӁj","1",""
"2174505","3476","1404734768","2023-04-26","2024-01-31","[a]_HK312_SK","DPӒ+","DPӒiĔDӁj","",""
"2174668","3170","1556631700","2023-04-28","2024-01-25","[a]_I","DPӒ+","DPӒiĔDӁj","݂",""
"2174502","3216","1556632165","2023-05-04","2024-01-31","[a]_I","DPӒ+","DPӒiĔDӁj","݂",""
"2174453","3721","1391737216","2023-05-11","2024-02-15","[z]_551H4119_Lve","DPӒ+","DPӒiĔDӁj","",""
"2174508","3558","1403735582","2023-05-18","2024-02-14","[a]H","DPӒ+","DPӒiĔDӁj","₷",""
"2174651","3564","1403735643","2023-05-18","2024-02-14","[a]T","DPӒ+","DPӒiĔDӁj","Ђ͂",""
"2174541","3391","1404733914","2023-05-19","2024-02-15","[a]_I","DPӒ+","DPӒiĔDӁj","肱",""
"2174487","3891","1390338919","2023-05-20","2024-02-24","[z]_551H4119_Lve","DPӒ+","DPӒiĔDӁj","",""
"2174619","3550","1403735506","2023-05-25","2024-02-29","[a]_HK312_SK","DPӒ+","DPӒiĔDӁj","",""
"2174520","3560","1403735605","2023-05-26","2024-02-22","[a]T","DPӒ+","DPӒiĔDӁj","Ђ͂",""
"2174553","3520","1403735209","2023-05-27","2024-02-23","[a]T","DPӒ+","DPӒiĔDӁj","Ђ",""
"2174577","3151","1535731513","2023-05-28","2024-03-03","[a]_HK312_SK","DPӒ+","DPӒiĔDӁj","",""
"2174620","3420","1404734201","2023-05-29","2024-02-25","[a]T","DPӒ+","DPӒiĔDӁj","Ђ͂",""
"2174601","3722","1391737223","2023-05-29","2024-03-04","[z]_551H4119_Lve","DPӒ+","DPӒiĔDӁj","",""
"2174513","3329","1584433291","2023-05-30","2024-03-05","[a]_HK312_SK","DPӒ+","DPӒiĔDӁj","",""
"2174524","3320","1584433208","2023-06-02","2024-02-29","[a]V","DPӒ+","DPӒiĔDӁj","ӂ",""
"2174556","3049","1386930493","2023-06-06","2024-03-04","[a]_kËv","DPӒ+","DPӒiĔDӁj","Ђ4",""
"2174528","3366","1584433666","2023-06-06","2024-03-12","[a]_HK312_SK","DPӒ+","DPӒiĔDӁj","",""
"2174527","3162","1535731629","2023-06-08","2024-03-06","[a]_kËv","DPӒ+","DPӒiĔDӁj","",""
"2174551","3368","1584433680","2023-06-08","2024-03-14","[a]_HK312_SK","DPӒ+","DPӒ","",""
"2174595","3710","1628337103","2023-06-08","2024-03-14","[z]_551H4119_Lve","DPӒ+","","",""
"2174563","3392","1404733921","2023-06-09","2024-03-07","[a]xxT","DPӒ+","DPӒiĔDӁj","ӂЂ߂S",""
"2174555","3516","1403735162","2023-06-11","2024-03-09","[a]","DPӒ+","DPӒiĔDӁj","ӂЂ߂S",""
"2174612","2772","1367627725","2023-06-12","2024-03-18","[a]_HK312_SK","DPӒ+","DPӒ","",""
"2174592","3569","1403735698","2023-06-12","2024-03-18","[a]_HK312_SK","DPӒ+","DPӒ","",""
"2174488","3893","1390338933","2023-06-13","2024-03-19","[z]_551H4119_Lve","DPӒ+","DPӒiĔDӁj","",""
"2174680","3918","1388439185","2023-06-15","2024-03-21","[z]_551H4119_Lve","DPӒ+","DPӒiĔDӁj","",""
"2174634","3300","1584433000","2023-06-17","2024-03-15","[F1]PK730","DPӒ+","DPӒ","",""
"2174504","3911","1390339114","2023-06-17","2024-03-23","[z]_551H4257_h~KX","DPӒ+","DPӒ","",""
"2174591","3568","1403735681","2023-06-18","2024-03-16","[a]","DPӒ+","DPӒ","ӂЂ߂S",""
"2174605","3738","1391737384","2023-06-19","2024-03-17","[a]kËvxkxmxv","DPӒ+","DPӒ","Ђ4",""
"2174608","3745","1391737452","2023-06-19","2024-03-25","[z]_551H4119_Lve","DPӒ+","DPӒ","",""
"2174686","3128","1535731285","2023-06-20","2024-03-26","[a]_HK312_SK","DPӒ+","DPӒ","",""
"2174534","3601","1403736015","2023-06-21","2024-03-27","[z]_551H4257_h~KX","DPӒ+","DPӒ","",""
"2174498","3384","1584433840","2023-06-23","2024-03-29","[a]_HK312_SK","DPӒ+","DPӒ","",""
"2174603","3730","1391737308","2023-06-23","2024-03-29","[z]_551H4119_Lve","DPӒ+","DPӒ","",""
"2174490","3917","1390339176","2023-06-29","2024-04-04","[z]_551H4257_h~KX","DPӒ+","DPӒ","",""
"2174676","3335","1584433352","2023-07-01","2024-04-06","[a]_HK244_kĉ","DPӒ+","DPӒ","",""
"2174661","3416","1404734164","2023-07-01","2024-04-06","[a]_HK244_kĉ","DPӒ+","DPӒ","",""
"2174560","3578","1403735780","2023-07-01","2024-03-29","[a]KIYxvxΗm","DPӒ+","DPӒ","Ђ낱",""
"2174683","3604","1403736046","2023-07-01","2024-04-06","[z]_551H4119_Lve","DPӒ+","DPӒ","",""
"2174666","3907","1390339077","2023-07-03","2024-04-08","[z]_551H4257_h~KX","DPӒ+","DPӒ","",""
"2174685","3439","1404734393","2023-07-09","2024-04-06","[a]_VP","DPӒ+","DPӒ","ӂȂ",""
"2174610","3747","1391737476","2023-07-09","2024-04-14","[z]_551H4257_h~KX","t","","",""
"2174607","3751","1391737513","2023-07-09","2024-04-14","[z]_551H4257_h~KX","t","","",""
"2174624","3244","1556632448","2023-07-10","2024-04-15","[a]_HK312_SK","t","","",""
"2174671","3571","1403735711","2023-07-13","2024-04-18","[a]_HK312_SK","t","","",""
"2174489","3894","1390338940","2023-07-13","2024-04-18","[z]_551HO04267_oNXg","t","DPӒ","",""
"2174654","3910","1390339107","2023-07-13","2024-04-18","[z]_551H4119_Lve","t","","",""
"2174530","3210","1556632103","2023-07-15","2024-04-12","[a]","t","","ӂЂ߂S",""
"2174633","3522","1403735223","2023-07-15","2024-04-12","[a]_I","t","","Ђ낱",""
"2174440","3670","1628336700","2023-07-17","2024-04-14","[F1]ÖΗm","t","","",""
"2174600","3752","1391737520","2023-07-17","2024-04-22","[z]_551H4257_h~KX","t","","",""
"2174642","3200","1556632004","2023-07-18","2024-04-23","[a]_HK312_SK","t","","",""
"2174673","2837","1427728379","2023-07-19","2024-04-16","[a]xxT","t","","ӂЂ߂S",""
"2174511","3223","1556632233","2023-07-19","2024-04-16","[a]_I","t","","Ђ낱",""
"2174627","3046","1386930462","2023-07-21","2024-04-26","[a]_HK312_SK","t","","",""
"2174543","3394","1404733945","2023-07-22","2024-04-19","[a]_v","t","","Ղ",""
"2174579","3753","1391737537","2023-07-22","2024-04-27","[z]_551H4119_Lve","t","","",""
"2174519","3628","1628336281","2023-07-23","2024-04-20","[F1]PK730","t","","",""
"2174628","3374","1584433741","2023-07-24","2024-04-29","[a]_HK312_SK","t","","",""
"2174689","3530","1403735308","2023-07-24","2024-04-21","[F1]PK730","t","","",""
"2174525","3592","1403735926","2023-07-24","2024-04-29","[z]_551H4119_Lve","t","","",""
"2174597","3729","1391737292","2023-07-25","2024-04-30","[z]_551H4119_Lve","t","DPӒ","",""
"2174613","3240","1556632400","2023-07-27","2024-04-24","[a]kËvxvxΏ","t","","܂肱",""
"2174606","3739","1391737391","2023-07-27","2024-04-24","[a]kËvxvx","t","","ӂ23",""
"2174518","3246","1556632462","2023-07-29","2024-04-26","[a]","t","","ӂЂ߂S",""
"2174510","3566","1403735667","2023-07-29","2024-04-26","[a]_VP","t","DPӒ","Ђ",""
"2174506","3579","1403735797","2023-07-30","2024-04-27","[a]VPxSQxV","t","","ӂȂ",""
"2174578","3442","1404734423","2023-07-31","2024-04-28","[a]VxvxΗm","t","","Ђ낱",""
"2174538","3552","1403735520","2023-07-31","2024-05-06","[a]_HK312_SK","t","","",""
"2174643","3295","1584432959","2023-08-02","2024-04-30","[F1]PK730","t","","",""
"2174682","3152","1535731520","2023-08-03","2024-05-01","[a]VPxSQxV","t","","ӂȂ",""
"2174585","3002","1386930028","2023-08-04","2024-05-02","[a]kËvxvxΏ","t","","܂肱",""
"2174537","3377","1584433772","2023-08-04","2024-05-10","[a]_HK312_SK","t","","",""
"2174491","3935","1388439352","2023-08-04","2024-05-10","[z]_551H4119_Lve","t","","",""
"2174535","3294","1584432942","2023-08-07","2024-05-13","[a]_HK312_SK","t","","",""
"2174669","3457","1404734577","2023-08-07","2024-05-13","[a]_HK312_SK","t","","",""
