"W","̎ʔԍ","","Ǝ","","t@","Y","ʒu","tؖؔԍ","敪","󐸎","󐸗ؖؔԍ","","̓o^ԍ","̕","̑c"
"3552","1403735520","2023-07-31","ΐ b","L:F20mm
R:F10~S
tsFPO","lH","[a]_HK312_SK","q{","","","","","","","",""
"3442","1404734423","2023-07-31","ΐ b","L:NS
R:CL30mmo5mm
UT:5mm","󐸗ڐA","[a]VxvxΗm","q{pEE","","w","̓󐸗","G-220425-979","Ђ낱","","",""
"3579","1403735797","2023-07-30","ΐ b","L:CL30mm.F 20mm
R:NS
UT:8mm
US:0","󐸗ڐA","[a]VPxSQxV","q{pE","","w","̓󐸗","22LSW1547","ӂȂ","","",""
"3566","1403735667","2023-07-29","Αq Ď","L: CL20mm
R: CL25mm15mm, F15mm
UT: 8mm","󐸗ڐA","[a]_VP","","","w","̓󐸗","22LSW1732","Ђ","","Εv",""
"3246","1556632462","2023-07-29","Αq Ď","L: NS
R: CL40mm30mm","󐸗ڐA","[a]","q{pEE","","w","̓󐸗","KR03-1371","ӂЂ߂S","","","T"
"3152","1535731520","2023-07-27","-","","󐸗ڐA","","","","w","̓󐸗","","","","",""
"3739","1391737391","2023-07-27","ΐ b","L:NS
R:CL25
UT:W","󐸗ڐA","[a]kËvxvx","q{pEE","","w","̓󐸗","G-221227-3265","ӂ23","","",""
"3240","1556632400","2023-07-27","ΐ b","L:CL30mm.o20
R:F20mm
UT:8mm","󐸗ڐA","[a]kËvxvxΏ","q{pE","","w","̓󐸗","G-221119-2920","܂肱","","",""
"3729","1391737292","2023-07-25","ΐ b","L:F20mmڂ
R:NS
UT:12mm
VN","lH","[z]_551H4119_Lve","q{","","","","","","","",""
"3592","1403735926","2023-07-24","ΐ b","L:F20mm.18mm
R:sF
tT:kStȂ","lH","[z]_551H4119_Lve","q{","","","","","","","",""
"3374","1584433741","2023-07-24","ΐ b","L:F15~R
qFmr
tsFkStȂ","lH","[a]_HK312_SK","q{","","","","","","","",""
"3295","1584432959","2023-07-24","ΐ b","L:NS
R:F20mm
tT:kStȂ
","lH","[a]_HK312_SK","q{","","","","","","","",""
"3530","1403735308","2023-07-24","ΐ b","R:CL25mm
ǂڐA","󐸗ڐA","[F1]PK730","q{pEE","","w","̓󐸗","","","","",""
"3628","1628336281","2023-07-23","ΐ b","L:CL25.o5mm
q:F15mm
UT:8mm
ǂڐA","󐸗ڐA","[F1]PK730","q{pE","","w","̓󐸗","","","","",""
"3753","1391737537","2023-07-22","Αq Ď","L: sF
R: sF
UT: 10mm
Comment; rς݂NVwɂ","lH","[z]_551H4119_Lve","q{pE","","","","","","","",""
"3394","1404733945","2023-07-22","Αq Ď","L:F10mm
R: F25mm, FC40mm
UT: 5mm","󐸗ڐA","[a]_v","q{pEE","","w","̓󐸗","2022ITA0718","Ղ","","QWT̂R","S"
"3046","1386930462","2023-07-21","ΐ b","L:F20m
R:sF
UT:10mm
̔͂Ȃ
IuVN","lH","[a]_HK312_SK","","","","","","","","",""
"3223","1556632233","2023-07-19","ΐ b","L:sF
R:CL25
UT:8","󐸗ڐA","[a]_I","q{pEE","","w","̓󐸗","G-220722-1802","Ђ낱","","v","Ηm"
"2837","1427728379","2023-07-19","ΐ b","L:sF
q:bL20.o5
UT:8","󐸗ڐA","[a]xxT","q{pEE","","w","̓󐸗","KR03-1379","ӂЂ߂S","","",""
"3200","1556632004","2023-07-18","ΐ b","R:F20mm
܂rĂȂ
A","lH","[a]_HK312_SK","","","","","","","","",""
"3752","1391737520","2023-07-17","ΐ b","L:NS
R:F 20mm
UT:10mm
St
","lH","[z]_551H4257_h~KX","","","","","","","","",""
"3200","1556632004","2023-07-17","ΐ b","L:sF
R:F20mm
UT:12mm
fۂɔStĂ
RZ[
","lH","[a]_HK312_SK","q{","","","","","","","",""
"3670","1628336700","2023-07-17","ΐ b","L:CL25mm
R:CL20mm.F18mm
UT:8mm
ɒǂڐA","󐸗ڐA","[F1]ÖΗm","q{pE","","w","̓󐸗","","","","",""
"3530","1403735308","2023-07-17","ΐ b","L:F18mm
q:e15mm~Q
tT:k{{
St{
A","lH","[a]_HK312_SK","q{","","","","","","","",""
"3530","1403735308","2023-07-16","Αq Ď","L: F15mm
R: F10mmx2
UT: 10mm","lH","[a]_HK312_SK","q{pE","","","","","","","",""
"3628","1628336281","2023-07-15","Αq Ď","L: F15mm
R: F5mm
UT: 8mm
Comment: A","lH","[a]_HK312_SK","q{pE","","","","","","","",""
"3522","1403735223","2023-07-15","Αq Ď","L: NS
R: CL25mm
UT: 3mm","󐸗ڐA","[a]_I","q{pEE","","w","̓󐸗","G-220722-1801","Ђ낱","","v","Ηm"
"3210","1556632103","2023-07-15","Αq Ď","L: F15mm
R: CL25mm5mm
UT: 8mm","󐸗ڐA","[a]","q{pEE","","w","̓󐸗","KR03-1382","ӂЂ߂S","","","T"
"3628","1628336281","2023-07-14","Αq Ď","L: F15mm
R: NS
UT: 8mm
8ڂݓʈړ35kg炢̂ŁAS","lH","[a]_HK312_SK","q{pE","","","","","","","",""
"3571","1403735711","2023-07-13","ΐ b","L:F20mm
R:F15mm
UT:12
kASt{
RZ[","lH","[a]_HK312_SK","q{","","","","","","","",""
"3910","1390339107","2023-07-13","ΐ b","L:F
R:F20mm.CL15
tsFk
ۂɔSt
Ebk邪ލsۂeTCŶł`h{RZ[","lH","[z]_551H4119_Lve","q{","","","","","","","",""
"3894","1390338940","2023-07-13","ΐ b","L:sF
R:F20mm
UT:kSt{
Ă","lH","[z]_551HO04267_oNXg","q{","","","","","","","",""
"3295","1584432959","2023-07-12","ΐ b","L:CL30mm.o5mm
R:F15mm
UT:5mm
ǂڐA","󐸗ڐA","[F1]ÖΗm","q{pE","","w","̓󐸗","","","","",""
"3244","1556632448","2023-07-10","Αq Ď","L: F10mm
R: F15mm
UT: 10mm","lH","[a]_HK312_SK","q{pEE","","","","","","","",""
"3670","1628336700","2023-07-09","Αq Ď","","lH","[a]_HK312_SK","q{pE","","","","","","","",""
"3751","1391737513","2023-07-09","Αq Ď","","lH","[z]_551H4257_h~KX","q{pEE","","","","","","","",""
"3747","1391737476","2023-07-09","Αq Ď","","lH","[z]_551H4257_h~KX","q{pEE","","","","","","","",""
"3439","1404734393","2023-07-09","Αq Ď","L: sF
R: CL25mm
UT: 5mm","󐸗ڐA","[a]_VP","q{pEE","","w","̓󐸗","22LSW1544","ӂȂ","","SQ","V"
"3552","1403735520","2023-07-06","Αq Ď","L: F20mm
R: sF
UT: 10mm
","lH","[a]_HK312_SK","q{pE","","","","","","","",""
"3295","1584432959","2023-07-04","ΐ b","L:F20mm
R:sF
UT:8
StȂ
ǂڐA","lH","[a]_HK244_kĉ","q{","","","","","","","",""
"3907","1390339077","2023-07-03","ΐ b","L:F18mm
R:NS
UT:kSt{","lH","[z]_551H4257_h~KX","q{","","","","","","","",""
"3628","1628336281","2023-07-03","ΐ b","L:CL30
qFe
tsFW
ǂڐAł͂ȂeP̂","󐸗ڐA","[F1]ÖΗm","q{pE","","w","̓󐸗","","","","",""
"3566","1403735667","2023-07-02","ΐ b","L:NS
R:CL30
UT:5mm","󐸗ڐA","[a]_v","q{pEE","","w","̓󐸗","2022ITA0721","Ղ","","Q853","S"
"3002","1386930028","2023-07-02","ΐ b","k:bL30mmo傫
R:F20mm
UT:8","󐸗ڐA","[a]kËvxkxmxv","q{pE","","w","̓󐸗","22LSW3204","Ђ4","","",""
"3604","1403736046","2023-07-01","ΐ b","L:sF
R:F18mm
tT:k{StȂ","lH","[z]_551H4119_Lve","q{","","","","","","","",""
"3416","1404734164","2023-07-01","ΐ b","i100j
L:sF
R:F20mm
UT:12
St{","lH","[a]_HK244_kĉ","q{","","","","","","","",""
"3335","1584433352","2023-07-01","ΐ b","i100j
L:NS
R:F20mm.10mm.10mm֊s{
UT:10
StȂDPӒ|","lH","[a]_HK244_kĉ","","","","","","","","",""
"3578","1403735780","2023-07-01","ΐ b","L:NS
R:CL25mm.o8mm
UT:8mm","󐸗ڐA","[a]KIYxvxΗm","q{pEE","","w","̓󐸗","G-221223-3216","Ђ낱","","v","Ηm"
"3240","1556632400","2023-07-01","ΐ b","L:CL30mm
R:F15mm
UT:8q{͑v","󐸗ڐA","[a]kËvxvx","q{pE","","w","̓󐸗","G-221227-3264","ӂ23","","",""
